,Date,User,Tweets,Url
0,2022-05-31 11:35:12+00:00,https://twitter.com/ideartist_eth,"NFT fam ✨ As promised to airdrop one artwork to the collector of my 1/1 artworks, I airdropped ""Morality of Hell"" to @AikoPapageno 
 
Thank you taking ""Takeover"" home, a piece of my heart. It's very special to me. ✨ Hope you like this gift too💜

Read 🧵 https://t.co/JcFQrmodhT",https://twitter.com/ideartist_eth/status/1531600175365771265
1,2022-05-30 14:11:45+00:00,https://twitter.com/5m0go,"@AkuRypto @mohammedjanahi5 @nft_metaman @BoredApeYC Morality has nothing to do with the situation, for me. When you have something this valuable, you double check what you do before taking any decisions",https://twitter.com/5m0go/status/1531277186891751431
2,2022-05-27 01:30:11+00:00,https://twitter.com/AustraliaShultz,"Art, like morality, consists of drawing the line somewhere.
G. K. Chesterton, English writer

Kaleidoscope Mandalas NFT  
NFTs artwork artist #fairArtNFT https://t.co/TmlT15W4wm",https://twitter.com/AustraliaShultz/status/1529998367048220675
3,2022-05-23 08:05:34+00:00,https://twitter.com/ExploreDownto,"I created this collection a while ago (I think, time is weird in #NFT world). I'm proud of it. The fact that the great @lorigraceaz collected one made me beam with pride

I'm more than one type of photographer. The Scent of Morality was made to show that.

https://t.co/2NGW4vL7Wu",https://twitter.com/ExploreDownto/status/1528648316124561410
4,2022-05-18 09:04:29+00:00,https://twitter.com/ROCKSTAR77716,"Tamriko | Georgia 🇬🇪

Your attention Tamriko. This girl with pride, high morality, incredible love for 
the motherland and her own family.
    
Collection : People from the world 
    💦Available on @opensea💦
0.007 $ETH - Polygon blockchain🔥
https://t.co/FSpiJBePVB

#nft #art https://t.co/LDZNE3ZwE6",https://twitter.com/ROCKSTAR77716/status/1526851203966980097
5,2022-05-18 05:54:29+00:00,https://twitter.com/NKBS87,"1/3:

@SpaceRiders_NFT
#SR888
 
In the current age of mind blowing technological advancement, most believed that the generation to generation teachings of “The Ancient 20” were merely folklore. Just stories we told our children to give them a sense of morality at a young age.",https://twitter.com/NKBS87/status/1526803390818394113
6,2022-05-15 10:13:23+00:00,https://twitter.com/SirPantsALot2,"@dapppunk All great questions. Unfortunately, I've seen honest polls on nft Twitter where people are clearly here to make money,  even at the expense of others and regardless of the morality behind that profit. I'm super bullish on crypto/nfts but mega bearish on 75%+ of the people",https://twitter.com/SirPantsALot2/status/1525781379279032320
7,2022-05-13 14:44:53+00:00,https://twitter.com/pana067,"The NFT space is a great case study.

On how greed &amp; the dependence of monetary gains, directly competes with basic morality and ethics.

Also the attempt at making Zagabond seem like the victim, is quite disgusting.",https://twitter.com/pana067/status/1525124928877473795
8,2022-05-12 18:56:47+00:00,https://twitter.com/masha_shango,"SUKEBAN /

Any gang need someone with high morality.
Here is St. Jane. She obsessed by religion and won’t let you fall into sin.

Vol. 4 / St. Jane
0,5 eth

https://t.co/xinRniHlsD

 #NFTs #NFTdrop #NFTartist #NFTCommunity #nftart #mashashango #nft #foundation #ETH #Ethereum https://t.co/mw1TG5ME8I",https://twitter.com/masha_shango/status/1524825934947307522
9,2022-05-11 10:09:59+00:00,https://twitter.com/_klimavicius,Word of the day: morality. #azuki #nft #zagabond #BAYC #apes #bitcoin #ETH #pjpp https://t.co/wiSb7JCwng,https://twitter.com/_klimavicius/status/1524330971868319744
10,2022-05-11 02:22:46+00:00,https://twitter.com/Justthedood,@psych_nft Hard to navigate business and morality but we're trying. Following yalls lead for sure!,https://twitter.com/Justthedood/status/1524213394819076096
11,2022-05-10 19:10:38+00:00,https://twitter.com/securitron_eth,Morality is utility. I am so thankful that my first NFT was a @WickedCraniums and we have devs like @WickedDerb and @WickedDoob who stick with the project through thick and thin. #skullsbackskulls,https://twitter.com/securitron_eth/status/1524104644230000640
12,2022-05-01 14:41:16+00:00,https://twitter.com/constantin_os,"“Compassion is the basis of morality.” 
― So Said Schopenhauer #27 
🔥 #NFTs 0,003 $ETH @opensea 

 #nft #NFTshill #OpenSeaNFT #NFTpolygon #NFTCommunity #OpenSeaPolygon 

https://t.co/Xr9FB6GLke https://t.co/i3lbQnW25X",https://twitter.com/constantin_os/status/1520775363978272769
13,2022-04-19 23:56:29+00:00,https://twitter.com/FiberPainting,"Buddhist philosophy refers to the view or application of Buddhist teachings to the values ​​of life, existence, knowledge, reason, material, and human morality.
#NFT #NFTCommunity #NFTartists #NFTartwork #LEGADA #NFTpolygon #nftrarible https://t.co/NvWxK3JzRZ",https://twitter.com/FiberPainting/status/1516566436507881472
14,2022-04-14 18:30:00+00:00,https://twitter.com/iamshadow_6,"MORALITY COLLECTION OUT NOW🚨🌕
0.0777 #ETH @opensea 
Anomalous Luck Choose your 
Virtue Or Transgression?

#NFTCommunity #nftart #NFTartist #art #digitalart #opensea #Ethereum #EXPRESSIONISM #BlackArtist #nftcollectors #OpenSeaNFT #NFT #abstract #darkart

https://t.co/mLZJSgPXrI https://t.co/ALAlHP7Lcx",https://twitter.com/iamshadow_6/status/1514672336657690637
15,2022-04-10 13:32:27+00:00,https://twitter.com/im_gagandeeps,"@Kaur_Techwoman @Venkatesh_WSS @epikoregal @Epiko_fanpage @ecomi_ @ECOMIFam @polygonstudios @0xPolygon @Kaloscope_nft @cap10kirck @SurprisedCat @kidrolla @smellsfunn @AvisaGuild Nice! We introduce these superheroes to the new generation in an interactive manner, as an ideal way to nurture &amp; teach kids. The aim is to inculcate good moral values of honesty, integrity, righteousness, &amp; morality via digital comics while giving them exposure to a fun #game.",https://twitter.com/im_gagandeeps/status/1513147901530107906
16,2022-04-06 18:40:43+00:00,https://twitter.com/flagg36783322,Got another amazing piece from the OG #AlgoNFT artist @vlad3design new series Morality. #Algorand #NFT https://t.co/zGTK5kxT1Q,https://twitter.com/flagg36783322/status/1511775926878625803
17,2022-04-02 19:24:55+00:00,https://twitter.com/Xacoli_nft,"Alien (1/1 - 20 $XTZ)
- I admire its purity. A survivor unconstrained by conscience, remorse or illusions of morality. (Alien the eighth passenger)

https://t.co/xDjJM9YrdY

#gifart #phrases #alien #NFT #cryptoart 
@Hicetnunc_nft @TeiaArt @TeiaCommunity @greennft_arg @objktcom https://t.co/iSBQSPkV3g",https://twitter.com/Xacoli_nft/status/1510337498504908800
18,2022-04-02 16:36:10+00:00,https://twitter.com/NFT_L30,"@justmaiko Anime literally thought me half of the shit I know today with morality, respect, and ethics, most people don’t realize that the writers are from Japan, Japan is known for high degrees of wisdom and that reflects in their creative story telling, one of the best examples, Naruto.",https://twitter.com/NFT_L30/status/1510295032380669956
19,2022-04-01 22:13:18+00:00,https://twitter.com/Barnacules,"Let's do this ☕ Misplaced Trust in Technology 🤖 Content Creators vs. Ethics, Morality &amp; Money 💰 NFT's Scams Galore, Why 🤔 https://t.co/UdTsFIpt7w",https://twitter.com/Barnacules/status/1510017485700939776
20,2022-03-19 17:10:16+00:00,https://twitter.com/iamshadow_6,"New Souls Emerging on Planet🌕Anomalous
0.07- 0.085 #ETH 

Souls👁🌕🌘⏳
#NFT #nftcollector #art #crypto #abstract  #OpenSeaNFT #NFTartist #BLACKARTIST #NFTCommunity #darkart #morality 

Times are about to get dark - #anomalous 

https://t.co/lvvO4J2I28 https://t.co/N1A7PVtuPt",https://twitter.com/iamshadow_6/status/1505230185939058689
21,2022-03-16 09:18:28+00:00,https://twitter.com/NFT_Workroom,"“Surrealism is not an organization, not a label, but a unique state of mind, 
not limited by slogans or morality. #Surrealism is the complete freedom of a person and the right to dream.”
👨‍🎨 - Salvador Dali 

«Surreal trends», #NFTCommunity 🖖

https://t.co/Xan9ZEicgl https://t.co/Tf8a6KPee9",https://twitter.com/NFT_Workroom/status/1504024288164208641
22,2022-03-15 20:02:11+00:00,https://twitter.com/Elons_M0m,"@Poetry2Art @nft_poems @why_whyjason206 @123_nabincs @OranzPress @gondomaralori @hexagonz_ @NotoriousRAD @IamGruuuth @eliana_tanjung @literallyNFT Sights unseen,
Forces mean
Hiding my soul behind bars.
I sing and scream
These voices deem
That I should stay away,
And far.
Fleeting looks
Untold books
My truth needs to be heard.
Princess morality
A meaningless salary
When will these views find earth.",https://twitter.com/Elons_M0m/status/1503823896616882179
23,2022-03-12 07:16:25+00:00,https://twitter.com/TOrynski,"@Russian_Photos @peteblackman While I agree with you for the principle, I would like to point out that you are looking at my twitter, where I am putting up memes and funny things, not at my articles. 

And, last but not least, someone who's engaged in NFT scam is hardly an arbiter of morality for me.",https://twitter.com/TOrynski/status/1502544022103117828
24,2022-03-09 11:26:23+00:00,https://twitter.com/marccraigart,I would love to show the erotic @crypto_wook images but I think the morality police will have a meltdown so I have opted for this recent epic masterpiece from one of the best of the best in the #NFt space and #NFTCommunity each time he releases work it gets better and better! https://t.co/uVBj8vpjSv,https://twitter.com/marccraigart/status/1501519765000577025
25,2022-03-02 18:05:23+00:00,https://twitter.com/TeeJ_0_o,"Today marks Ash Wednesday in the Catholic faith. 

Many will take time today to reflect on humanity and morality especially amid unprecedented, ongoing armed conflict in Ukraine. 

The $ASH and cryptocurrency/NFT community have taken powerful steps to lend support to others. https://t.co/av2goLWmCa",https://twitter.com/TeeJ_0_o/status/1499083459926675459
26,2022-03-02 08:00:01+00:00,https://twitter.com/BiaSaurs,"If you are a woman you should know that, your presence has the power to lift the morality of any setting.  @metawishnft 

#nft #WomensHistoryMonth #womensday #WomenInNFTs #NFTCommumity https://t.co/mnlrHK0LTj",https://twitter.com/BiaSaurs/status/1498931117835100167
27,2022-02-26 22:00:01+00:00,https://twitter.com/BiaSaurs,"Your presence has the power to lift the morality of any setting. @metawishnft 
#nft  #NFTCommunity  #womenday #WomenInNFTs",https://twitter.com/BiaSaurs/status/1497692957264138240
28,2022-02-25 12:24:43+00:00,https://twitter.com/Monte86Cristo,"We might be a small group but Our friendship, our party, our lives , our morality, our heart are the largest on tezos chain . Be an Ottez , Be part of something greater . Join us @OTTEZnft https://t.co/M9u16tw7hP. . #NFT #pfp #ottez",https://twitter.com/Monte86Cristo/status/1497185791524675587
29,2022-02-21 12:02:32+00:00,https://twitter.com/SynergyNFT,"Gm you wonderful people! 

Hope you are all keeping safe after the most recent phase of NFT thefts.

It is an unfortunate byproduct of the decentralisation we all love, that allows these individuals to act with such a lack of morality.

Please triple check everything you do!",https://twitter.com/SynergyNFT/status/1495730656747429888
30,2022-02-20 14:16:39+00:00,https://twitter.com/AIVinciNFT,"Man could, like the animals, act in accord with his base instincts or, he could act with reason, morality, like an angel. Man had the ability to move up and down the chain of being; reason and morality brought man closer to God.

#NFTartist #NFT #nftart #nftcollector #NFTProject https://t.co/DRXdcbQO2d",https://twitter.com/AIVinciNFT/status/1495402020894879749
31,2022-02-18 20:57:48+00:00,https://twitter.com/ReggieClay_,"@monad_alexander I disagree. I want nothing to do with the current wider Nft community. It's saturated with moonbois, clout chasing ""influencers"" &amp; flippers of questionable morality. #NFT's attract a certain type of toxic &amp; #CNFT is the antidote. It's not attractive to them &amp; I love that about us",https://twitter.com/ReggieClay_/status/1494778197203898375
32,2022-02-11 00:40:54+00:00,https://twitter.com/dudlextop,"Series 1 | The Man Without a Past

A stranger free from delusion. Free from illusions. A restless mind is a prisoner of conscience and morality. His truth is the word.

@SuperRareJohn

#NFT #NFTCommunity #CryptoArt #nftcollector https://t.co/meCFuILiS1",https://twitter.com/dudlextop/status/1491935239270248448
33,2022-02-08 18:54:46+00:00,https://twitter.com/Caleb_witts,@SketchedBat Me developing a split personality after having an NFT crammed down my throat shattering my own self-sense of morality https://t.co/LcakrfLdeu,https://twitter.com/Caleb_witts/status/1491123356703522818
34,2022-02-08 17:42:22+00:00,https://twitter.com/Gaius_Didelphus,"@asinglefather It's wild to me, truly, that people care so intensely about what celebrities are doing. I don't like nft's but it's like... Why did you get so emotionally invested in perceived morality of somebody like that in the first place",https://twitter.com/Gaius_Didelphus/status/1491105134557888515
35,2022-02-08 13:42:22+00:00,https://twitter.com/SpookyDude1111,"⛩️ “Art, like morality, consists of drawing the line somewhere.”
— Gilbert Chesterton

🔥 Check out this SPOOKY 👇 on @opensea
https://t.co/wzI1BY5QVj
#NFT #NFTs #nftcommunity #nftcollector #NFTCollection",https://twitter.com/SpookyDude1111/status/1491044739323686912
36,2022-02-04 01:00:13+00:00,https://twitter.com/drij,@incognito_eth @Kaffe_Takk @juliebtmn1 @rudepundit Morality lessons from an NFT guy 🙃,https://twitter.com/drij/status/1489403386235691009
37,2022-02-03 15:35:33+00:00,https://twitter.com/osf_nft,"@BoredApe1000 @larvalabs The morality of the situation is exactly what I am questioning. Why would you sell something that you created and intend on deeming worthless? It's no different to selling a lemon. 

They should have just burnt them.",https://twitter.com/osf_nft/status/1489261281466937347
38,2022-01-27 00:31:28+00:00,https://twitter.com/RiskeAdam,"Show Idea: Morality tales about trading NFT

Title: Tales from the Crypto",https://twitter.com/RiskeAdam/status/1486497047989661696
39,2022-01-22 18:30:00+00:00,https://twitter.com/theFrogsAdv,"These are the Scouts: roam the kingdom and its surroundings, their job is to obtain information and sell it. They usually work for the Legion, but their morality is not very expensive 🐸⚔

Get them https://t.co/cxwcYKYedd

#NFT #NFTs #NFTCommunity #NFTArt  #NFTdrop  #NFTProject https://t.co/z9iX35ByWe",https://twitter.com/theFrogsAdv/status/1484956530290135044
40,2022-01-21 17:08:20+00:00,https://twitter.com/KirkmanBrandon,"Last NFT tweet for a bit: I see people arguing ""Aren't you going to feel dumb as they become more popular/profitable?"" No, I will not. Bad shit is popular all of the time because we live in a capitalist society that is made to dismantle morality and worth in the name of profit",https://twitter.com/KirkmanBrandon/status/1484573590070886401
41,2022-01-20 23:05:34+00:00,https://twitter.com/NyangJinArt,"@theeladylatte I'm not PROUD of working a day job, I HATE it, it's not by choice. I have to make ends meet, but I'm not fucking doing nft bc I have SOME sense of integrity at least. We're under a capitalism trying to survive but you have have some sense of morality my GOD.",https://twitter.com/NyangJinArt/status/1484301102296219657
42,2022-01-16 16:20:14+00:00,https://twitter.com/greatmando_nft,"@krybharat The morality is in intent not in follower count. Followers shouldn’t mean a new morals - it should be the same for everyone.

The only safe way to interact is to encourage people to do the work themselves. 

Eventually people doing pump and dumps at any level will get exposed.",https://twitter.com/greatmando_nft/status/1482749544098058248
43,2022-01-16 15:56:48+00:00,https://twitter.com/krybharat,"@greatmando_nft I’m 100% with you on responsibility cutting both ways.  However, with high follower counts come greater responsibility.  If influencer A buys a bag, tweets about it, it booshes then proceeds to sell into the liquidity provided by said followers…that’s a morality issue for me.",https://twitter.com/krybharat/status/1482743649104449537
44,2022-01-16 15:50:33+00:00,https://twitter.com/greatmando_nft,"@krybharat I think we could question the morality of 90%+ of tweets I read on my feed. People talk about bags and no doubt partly want the price to go up. 

Should that be banned for influencers? 

Bad actors get exposed with time but only safe way is to take responsibility for yourselves.",https://twitter.com/greatmando_nft/status/1482742076550828032
45,2022-01-09 08:16:11+00:00,https://twitter.com/eviIrats,"my opinion is that all art has a right to exist and that there's no good or bad art because art, unlike the person who created it, has no morality. unless it's an nft",https://twitter.com/eviIrats/status/1480091016568971264
46,2022-01-07 20:02:20+00:00,https://twitter.com/AShawThing_,All of these NFT influencers move funny and take advantage of their communities for their own financial gain yet all of them are the morality/community police.,https://twitter.com/AShawThing_/status/1479543948787994625
47,2022-01-06 13:08:47+00:00,https://twitter.com/NonTrotski,"Besides of issues of ethicality/morality of NFTs, or if they actually do anything that you can’t already do without blockchain, people gotta wonder about how desperate nft minters are to sell them. If they were so valuable, why so desperate?",https://twitter.com/NonTrotski/status/1479077485920858115
48,2022-01-06 00:54:47+00:00,https://twitter.com/walasavagephoto,"What are the NFT morality implications of minting derivative works out of your own photos (that are also already minted somewhere)?  Frowned upon?  Not yet a problem?  

What if I glitched the hell out of one of my shots.  Is that new art?  My equivalent of a Campbell's Soup can?",https://twitter.com/walasavagephoto/status/1478892771826143233
49,2022-01-04 06:43:28+00:00,https://twitter.com/nikolaihabibuli,"@The__Solstice @MagicEden_NFT @Solportio I can empathize with both sides of the argument, but not surprised to see this happen. It actually opens the door for a few bigger discussions. One of them about ME's ability to begin gate-keeping and another about the morality of copycat projects and where to draw the line.",https://twitter.com/nikolaihabibuli/status/1478255745061855233
50,2021-12-23 09:00:02+00:00,https://twitter.com/DogeGenerals,"Bushido mentions the eight virtues of a Samurai being: Morality, courage, compassion, politeness, honesty/sincerity, respect, loyalty, character plus self-Control.

Doge Takeda Katsuyori #NFT
https://t.co/tLKpMn8hzG",https://twitter.com/DogeGenerals/status/1473941457446789122
51,2021-12-19 21:31:08+00:00,https://twitter.com/epicthundercat,"Fuck it. I am fine being an NFT ""influencer"" and an artist someday!
Why? Simply because I am tired of seeing the unethical people climb to the top. We need proper empathetic kind representation for artists and collectors here. 

We need to push morality.",https://twitter.com/epicthundercat/status/1472680925435609088
52,2021-12-19 15:00:00+00:00,https://twitter.com/ApeApingArtist,"Don't fool yourself using pseudo morality. We are all hypocrites.
Never forget where the #dGens rose from. 

Destination 👉 https://t.co/et7FFGhXJP

#Prophecies | 28/12 | #AAA

#NFT #NFTcollector #NFTcommunity #NFTartist #NFTdrop",https://twitter.com/ApeApingArtist/status/1472582492775456772
53,2021-12-14 20:55:46+00:00,https://twitter.com/katsukinnie,@The_Redd_Bearon @wesburt nah they understood it perfectly: for nft shitheads the assignment is to make money by sacrificing any sense of morality they ever had and reaching new heights of evil every fucking day. of course they dont give a shit about george floyd or about honouring him at all,https://twitter.com/katsukinnie/status/1470860087153639435
54,2021-12-14 18:41:54+00:00,https://twitter.com/abhorrentethics,"@PostinMonkey This is the worst NFT line, both in terms of art quality and abominable morality. I don't know how these people keep one-upping themselves",https://twitter.com/abhorrentethics/status/1470826395672539141
55,2021-12-09 16:33:36+00:00,https://twitter.com/PeterSinger,"Today’s the last day to bid on my #NFT of Famine, Affluence, and Morality, with proceeds supporting @lifeyoucansave. Don’t miss out!  https://t.co/GvBudlSYqB

#CryptoForGood #WhatGoodIsCrypto

@DecryptStudios",https://twitter.com/PeterSinger/status/1468982172396802049
56,2021-12-09 10:06:13+00:00,https://twitter.com/catovitch,"Incredible bathroom scenes. Dump piled so high it towered above the water line.

I almost took a photo to sell as an NFT, but my steadfast morality kicked in.",https://twitter.com/catovitch/status/1468884682079195136
57,2021-12-08 06:32:29+00:00,https://twitter.com/rickardvikstrom,"With 40 hours to go the top bid for the #NFT version of @PeterSinger's seminal essay ""Famine, Affluence and Morality"" is at ~$9K

All net proceeds will go to @LifeYouCanSave to fight #poverty

https://t.co/UZUUjnGgaP

#Blockchain #EffectiveAltruism #NFTs @DecryptStudios @opensea",https://twitter.com/rickardvikstrom/status/1468468506265931777
58,2021-12-07 20:35:02+00:00,https://twitter.com/PeterSinger,"#NFTuesday is a great day to bid on my #NFT of Famine, Affluence, and Morality. It includes a (optional) 30 minute video call w/ me and proceeds benefit @lifeyoucansave. The auction ends soon! https://t.co/GvBudlSYqB

#CryptoForGood #WhatGoodIsCrypto
@DecryptStudios",https://twitter.com/PeterSinger/status/1468318152404750338
59,2021-12-07 18:38:36+00:00,https://twitter.com/joolsd,"vince mcmahoning through ""famine affluence and morality"", ""NFT auction"", ""extreme poverty"" and ""Peter Singer""",https://twitter.com/joolsd/status/1468288850636288017
60,2021-12-03 07:23:04+00:00,https://twitter.com/ExploreDownto,"@San_fabito @oksana_korda @danielvgphoto @jamesatruett @moondust_36 @wildalps @OdysseyHeart @PtiteAngele @crownandpalette @pauliswalrus @astrominari @artkokolove @sberryspiced @Whimsicalblue15 @irvinethesteve @BesSna3 @NTapman @guetesii @Xose_Casal @VincentVoyage @Bjarki_johannss @Kurtjurgen_NFT @deftony83 @CrisMagsino2021 @DimiWeber @BriaudJoffrey @domenko @LazyBaker87 @explographe @CiruJuanjo @walasavagephoto Thanks for the shout out! 

Here are two from my newest collection - The Scent of Morality - on @opensea.

All between .1 - .15 $ETH

Let’s see: @sean_cgn @deftony83 @EveryDayAVacay https://t.co/euHFMEpVpm",https://twitter.com/ExploreDownto/status/1466669299213676545
61,2021-12-03 01:18:56+00:00,https://twitter.com/PeterSinger,"1/4 
In Famine, Affluence, and Morality I argued it’s wrong to let a child drown in a pond so it’s also wrong not to help poor people even if they’re far away. Now I’m auctioning FAM as a unique NFT coming w/ a 30 min call w/ me. 
https://t.co/GvBudlSYqB
@DecryptStudios",https://twitter.com/PeterSinger/status/1466577658842685441
62,2021-11-29 06:56:18+00:00,https://twitter.com/ExploreDownto,The Scent of Morality - a new #NFT collection on @opensea https://t.co/2NGW4vsYIm,https://twitter.com/ExploreDownto/status/1465213010247446531
63,2021-11-28 14:35:26+00:00,https://twitter.com/Runningrogers03,"Always remember to screenshot NFT'S 

It's morality correct",https://twitter.com/Runningrogers03/status/1464966165747449857
64,2021-11-23 07:41:17+00:00,https://twitter.com/ExploreDownto,"This small collection is to show the beauty, intention, and culture surrounding the practice of offering prayers and love to others. To showcase temples as they offer us the scent of morality. 

I hope you enjoy 🙂

https://t.co/2NGW4vsYIm

#openseart #nft #nftcollection

5/5 https://t.co/FIpIJ2E66C",https://twitter.com/ExploreDownto/status/1463050004382183424
65,2021-11-17 21:00:00+00:00,https://twitter.com/val_k1my,"Horus was neither good nor evil, but was about understanding morality. An amazing animation with an incredible tune, elevating the #NFT

This is @DualSoulNFT  by @jyxdi 
 
#nftcollection #nftart #nftcollectors #NFTCommunity @garyvee @Female_NFT 
 
https://t.co/XHf4GeGfZL",https://twitter.com/val_k1my/status/1461076679879806978
66,2021-11-17 00:39:17+00:00,https://twitter.com/KreekCraft,"Controversial but I can’t believe Roblox is allowing Pet Simulator to sell NFT pets to kids that cost upwards of $100,000

This is an extremely dangerous road to go down without proper moderation and guidelines. Not to mention the morality of auctioning off pets in a kids game.",https://twitter.com/KreekCraft/status/1460769476530610177
67,2021-11-16 00:20:45+00:00,https://twitter.com/ndoggy_nft,@ItsDrMoose I stand with Moose and Morality. Well said ser,https://twitter.com/ndoggy_nft/status/1460402423172788225
68,2021-11-10 19:00:57+00:00,https://twitter.com/JackeryzTTV,"pet simulator X after making the anti-morality choice of selling pets as NFT's because ""the tech is cool"" 🤓☝️ https://t.co/mslW7Vph3i",https://twitter.com/JackeryzTTV/status/1458510003564916739
69,2021-11-09 22:27:15+00:00,https://twitter.com/JustSeanC,"@TheAmazemanRBLX Like NFT issues aside, for a developer with influence over millions of CHILDREN to publicly state that morality does not matter to them is so fucked up I can’t even wrap my mind around it",https://twitter.com/JustSeanC/status/1458199532039245828
70,2021-11-09 21:50:28+00:00,https://twitter.com/PolarcubArt,"selling albert’s latest thumbnail by me as an nft

to my young followers

with no morality in mind

selling for 666,666,666 ETH! https://t.co/mtQrQjhSZf",https://twitter.com/PolarcubArt/status/1458190276883853315
71,2021-11-09 14:47:19+00:00,https://twitter.com/brettinthewoods,"Stop judging the morality of others

Novo upset about inequity of black NFT punks

Raoul upset people don't say good morning to him

Maximalists broadly considering shitcoiners to be malicious scammers

✝️Matthew 7:1-5✝️",https://twitter.com/brettinthewoods/status/1458083788492320774
72,2021-11-01 20:22:09+00:00,https://twitter.com/tmoneytrista,"For everyone getting out of @JungleFreaksNFT… we welcome you with HUGE OPEN ARMS to the @pills_crypto community. I’m proud of you for choosing morality over money. 

https://t.co/S1BoaiVKFX

#nft #nfts #JUNGLEFREAKS #cryptopills",https://twitter.com/tmoneytrista/status/1455268946957963265
73,2021-11-01 17:29:02+00:00,https://twitter.com/acid_very,"@NFTtourist @Zeneca_33 I really don't think it's sad for the NFT space at all, just look at how quickly it's out in the open amongst the community and being voted on...

Two points though;

1. The artist should at least have a chance to speak.

2. Morality is a question often ignored in a gold rush.",https://twitter.com/acid_very/status/1455225383419326469
74,2021-11-01 16:01:58+00:00,https://twitter.com/ryangrim,"Yup, the gig is up for this dumb idea. NFT folks are overruling their own blockchain because they lost possession of their apes. If the community sets the value based on morality or ethics and not the precious blockchain, you're right back to the system you tried to replace.",https://twitter.com/ryangrim/status/1455203470219390980
75,2021-10-28 11:47:30+00:00,https://twitter.com/CryptoWadsworth,"Every age has an artistic evolution.
MoBA brings you @MaxonBollocks
A narrative driven, 3,888 piece, AI NFT revolution. 
Written by an award winning, best selling author, the story tests the limits of human morality.

Read the Story
Collect the Art
Become part of the Experience https://t.co/t2d2pyUoHL",https://twitter.com/CryptoWadsworth/status/1453689880404443138
76,2021-10-18 18:35:57+00:00,https://twitter.com/CharStiles,"@scott_draves @digitalcoleman True, but even if the license allows something to be used as an NFT, it’s predatory, exploitative and overall jerk move if the author doesn’t want that. Legality and morality are absolutely not the same. Just because you can do something that doesn’t mean it’s okay.",https://twitter.com/CharStiles/status/1450168789946011658
77,2021-10-07 15:28:11+00:00,https://twitter.com/Michigandolf,"I made money from NFTs.
I went into my community &amp; gave the money to the homeless, spending time with them discussing the absurdity of NFT valuations.

You spit clever philosophical arguments about the morality of participating in market bubbles.

And I'm the nihilist. How cute.",https://twitter.com/Michigandolf/status/1446135272534515719
78,2021-10-04 15:54:56+00:00,https://twitter.com/_tlr_,"@kateparsonstv I believe it is because 

1.) ppl esp feel the world is out of control (it is, always was)

2.) the eco/morality narrative re nft makes ppl feel righteous (in control) &amp; like they have an impact when they shun artists (ineffective, useless)

3.) social pressure",https://twitter.com/_tlr_/status/1445054841131253760
79,2021-10-04 12:51:26+00:00,https://twitter.com/camisade,"Something about these @MaxonBollocks keeps me coming back, minting 'just one more.' Great story!

FYI, 'Maxon Bollocks' is a narrative-driven NFT art collection. It is at once a meditation on the value of art, mortality, morality aesthetics, ethics, and the limits of humanity. https://t.co/e8276sfMDY",https://twitter.com/camisade/status/1445008661307351043
80,2021-10-03 20:20:35+00:00,https://twitter.com/iamshadow_6,"Crazy Crazy: Cookies Dreams Edition
Exclusive on @opensea
0.11 #ETH
Morality Collection is out Now

#nftart #NFT #ArtistOnTwitter #art #OpenSeaNFT #NFTcollection #NFTcollectible #digitalart #cryptoartist #NFTCommunity 

https://t.co/zT81clrdXO https://t.co/XejiTEk7W1",https://twitter.com/iamshadow_6/status/1444759307518623745
81,2021-09-29 21:13:01+00:00,https://twitter.com/iamshadow_6,"Crazy Crazy: Neon Sky Edition
Exclusive on @opensea
0.11 #ETH 
Morality Collection is out Now

#nftart #NFT #ArtistOnTwitter #art #OpenSeaNFT #NFTcollection #NFTcollectible #digitalart  #cryptoartist 
 tIME tO gET cRAZY
-aNOMALOUS

https://t.co/v2MHBbVscG https://t.co/wnINOyIPiW",https://twitter.com/iamshadow_6/status/1443322950502035456
82,2021-09-29 21:05:03+00:00,https://twitter.com/iamshadow_6,"Crazy Crazy: Green Ocean Edition
Exclusive on @opensea
0.11 #ETH 

#nftart #NFT #ArtistOnTwitter #art #OpenSeaNFT #NFTcollection #NFTcollectible #digitalart 

Morality Collection is out Now

https://t.co/PcemHAUmpN https://t.co/SZaMbqLyDT",https://twitter.com/iamshadow_6/status/1443320943380680714
83,2021-09-25 19:22:24+00:00,https://twitter.com/DrDeathCultClub,"It has been decided, the next card to be in the deck will be:

XIII Death

Morality, transformation, liberation, revolution, profound change - from completion to new beginnings, expanded awareness

I am very excited to draw this one up

#nft #zil #zilliqa #zilaverse #nfts #nftart",https://twitter.com/DrDeathCultClub/status/1441845560567341057
84,2021-09-19 20:41:20+00:00,https://twitter.com/Kjartee,"Morality is not the doctrine of how we may make ourselves happy, but of how we may make ourselves worthy of happiness” – Immanuel Kant
#nft #nftart #artwork #Switzerland #painting #art #artist https://t.co/bPNfxKQV5B",https://twitter.com/Kjartee/status/1439691097798762500
85,2021-09-14 22:12:12+00:00,https://twitter.com/irishcryptobro,"Didn't think I'd be spending my night listening to people argue over the morality of NFT's but here I am lol

https://t.co/HdvbANz34j",https://twitter.com/irishcryptobro/status/1437902025904246790
86,2021-09-05 15:53:11+00:00,https://twitter.com/jeetsidhu_,"They can't say ""Greed is good"" like the stock pirates of the 1980s because they are adherents to post-woodstock morality, so we have to sit through endless tweets threads on why xyz NFT/Collectible/alternative investment is some noble cause. Boring.",https://twitter.com/jeetsidhu_/status/1434545153222512640
87,2021-09-03 10:36:35+00:00,https://twitter.com/BritishHodl,"I empathise with the moral argument against profiting from NFT’s. 

However, this is not how capitalism works.

It’s also not how #Bitcoin works.

Capitalism is not a system of morality. It’s a system of value exchange.

In-fact I would argue that the word trying to make…",https://twitter.com/BritishHodl/status/1433740700395483136
88,2021-08-31 20:00:01+00:00,https://twitter.com/iamshadow_6,"Morality
-Anomalous

Exclusive on @kalamint_io 

#nftartist #nft #artist  #kalamint  #cleannft #nftdrop #nftart #xtz #NFTCommunity #NFTshill #Tezos 

https://t.co/dGjbXHAbWa https://t.co/pO2Zm8KQnZ",https://twitter.com/iamshadow_6/status/1432795330693697540
89,2021-08-20 21:48:35+00:00,https://twitter.com/MobaGallery,"Are you ready….getting closer…

A narrative-driven NFT art collectible.

It is at once a meditation on the value of art, mortality, morality aesthetics, ethics, and the limits of humanity. 🤫

#nftcollector #nftart #NFTCommunity",https://twitter.com/MobaGallery/status/1428836386136739840
90,2021-07-20 18:19:33+00:00,https://twitter.com/MomentaiMonster,"@LittleGrnHat @whiteboysommar @DaydreamDeuce @feymilde and the artists taking part of it show their lack of morality for our environment.

Think of an NFT as a “proof of purchase” piece of paper for something that can be legally taken down at any second. Except instead of just wasting money, the buyers are setting fire to trees.",https://twitter.com/MomentaiMonster/status/1417549755840962566
91,2021-07-11 09:47:58+00:00,https://twitter.com/termightx,"Hello #NFTCommunity today I would like to introducing my  #NFT 
“Two Sisters” now on @withFND 🌐
An artwork related to criticizing on morality and tradition that discourage variety of individual tastes, liking and human nature.
Check it out here👉🏼 https://t.co/OjKNYQ8VbZ https://t.co/HbciEx7Ba1",https://twitter.com/termightx/status/1414159520272588801
92,2021-06-25 18:14:23+00:00,https://twitter.com/kevin_kiggs,"@Kenshiro_NFT Finally someone said it
Morality is always subjective
And even when a person is on the wrong, they still deserve the most basic dignity of being treated like a person

Cancel culture just feels like an excuse for people to dehumanize others",https://twitter.com/kevin_kiggs/status/1408488759784574982
93,2021-06-05 20:24:26+00:00,https://twitter.com/SlowNewsDayShow,"We've been talking/joking about it for months, but the homie Jack Sith went and did it so that @abortu's morality isn't compromised. 
WE HAVE VALUED THIS NFT AT $800,073
#DongcopterArmy
https://t.co/2uuxqqQise",https://twitter.com/SlowNewsDayShow/status/1401273732304236547
